<?xml version="1.0" encoding="UTF-8"?>
<beans xmlns="http://www.springframework.org/schema/beans"
	xmlns:xsi="http://www.w3.org/2001/XMLSchema-instance"
	xmlns:aop="http://www.springframework.org/schema/aop"
	xsi:schemaLocation="
http://www.springframework.org/schema/beans http://www.springframework.org/schema/beans/spring-beans-2.5.xsd
http://www.springframework.org/schema/aop http://www.springframework.org/schema/aop/spring-aop-2.5.xsd">

	<!-- RESOURCES -->
	<bean id="messageSource" class="org.springframework.context.support.ResourceBundleMessageSource">
		<property name="basenames">
			<list>
				<value>org.openrdf.http.server.messages</value>
				<value>info.aduna.webapp.system.messages</value>
			</list>
		</property>
	</bean>

    <bean id="adunaAppVersion" class="info.aduna.app.AppVersion">
    	<property name="major" value="2" />
    	<property name="minor" value="1" />
    	<property name="modifier" value="SNAPSHOT" />
    </bean>
    
    <bean id="adunaAppConfig" class="info.aduna.app.AppConfiguration" init-method="init" destroy-method="destroy">
    	<property name="applicationId" value="OpenRDF Sesame" />
    	<property name="longName" value="OpenRDF Sesame" />
    	<property name="version" ref="adunaAppVersion" />
    </bean>

	<bean id="adunaWebappNavigation" class="info.aduna.webapp.navigation.NavigationModel">
		<property name="navigationModels">
			<list>
				<value>/org/openrdf/http/server/navigation.xml</value>
				<value>/info/aduna/webapp/system/navigation.xml</value>
			</list>
		</property>
	</bean>
	
	<bean id="openrdfRepositoryManager" class="org.openrdf.repository.manager.LocalRepositoryManager" init-method="initialize" destroy-method="shutDown">
		<constructor-arg><bean factory-bean="adunaAppConfig" factory-method="getDataDir" /></constructor-arg>
	</bean>
	
	<!-- INTERCEPTORS -->
	<bean id="openrdfRepositoryInterceptor" class="org.openrdf.http.server.repository.RepositoryInterceptor" scope="request">
		<property name="repositoryManager" ref="openrdfRepositoryManager"/>
		<aop:scoped-proxy/>
	</bean>

	<!-- MAPPINGS -->
	<bean id="openrdfProtocolUrlMapping" class="org.springframework.web.servlet.handler.SimpleUrlHandlerMapping">
        <property name="order" value="0" />
		<property name="alwaysUseFullPath" value="true"/>		
		<property name="mappings">
			<props>
				<prop key="/protocol">openrdfProtocolController</prop>
			</props>
		</property>
  		<property name="interceptors">
			<list>
				<bean class="org.openrdf.http.server.protocol.ProtocolInterceptor" />
			</list>
		</property>
	</bean>

	<bean id="openrdfRepositoryListUrlMapping" class="org.springframework.web.servlet.handler.SimpleUrlHandlerMapping">
        <property name="order" value="1" />
		<property name="alwaysUseFullPath" value="true"/>		
		<property name="mappings">
			<props>
				<prop key="/repositories">openrdfRepositoryListController</prop>
			</props>
		</property>
	</bean>

	<bean id="openrdfRepositoryUrlMapping" class="org.springframework.web.servlet.handler.SimpleUrlHandlerMapping">
        <property name="order" value="2" />
		<property name="alwaysUseFullPath" value="true"/>		
		<property name="mappings">
			<props>
				<prop key="/repositories/*/namespaces/*">openrdfRepositoryNamespaceController</prop>
				<prop key="/repositories/*/namespaces">openrdfRepositoryNamespacesController</prop>
				<prop key="/repositories/*/contexts">openrdfRepositoryContextsController</prop>
				<prop key="/repositories/*/statements">openrdfRepositoryStatementsController</prop>
				<prop key="/repositories/*/size">openrdfRepositorySizeController</prop>
				<prop key="/repositories/*">openrdfRepositoryController</prop>
			</props>
		</property>
  		<property name="interceptors">
			<list>
				<ref bean="openrdfRepositoryInterceptor" />
			</list>
		</property>
	</bean>
	
	<bean id="openrdfServerHomeUrlMapping" class="org.springframework.web.servlet.handler.SimpleUrlHandlerMapping">
        <property name="order" value="3" />
		<property name="alwaysUseFullPath" value="true"/>		
		<property name="mappings">
			<props>
				<prop key="/overview.view">filenameViewController</prop>
                <prop key="/home/overview.view">filenameViewController</prop>
			</props>
		</property>
  		<property name="interceptors">
			<list>
				<ref bean="adunaWebappCommonValuesInserter" />
				<ref bean="adunaWebappNavigationInserter" />
			</list>
		</property>
	</bean>	
	
	<!-- EXCEPTION RESOLVERS -->
	<bean id="openrdfHandlerExceptionResolver" class="org.openrdf.http.server.ProtocolExceptionResolver" />

	<!-- CONTROLLERS -->
	<bean id="openrdfProtocolController" class="org.openrdf.http.server.protocol.ProtocolController" />
	
	<bean id="openrdfRepositoryListController" class="org.openrdf.http.server.repository.RepositoryListController">
		<property name="repositoryManager" ref="openrdfRepositoryManager" />
	</bean>
	<bean id="openrdfRepositoryController" class="org.openrdf.http.server.repository.RepositoryController" />
	<bean id="openrdfRepositoryContextsController" class="org.openrdf.http.server.repository.contexts.ContextsController" />
	<bean id="openrdfRepositoryNamespacesController" class="org.openrdf.http.server.repository.namespaces.NamespacesController" />
	<bean id="openrdfRepositoryNamespaceController" class="org.openrdf.http.server.repository.namespaces.NamespaceController" />
	<bean id="openrdfRepositorySizeController" class="org.openrdf.http.server.repository.size.SizeController" />
	<bean id="openrdfRepositoryStatementsController" class="org.openrdf.http.server.repository.statements.StatementsController" />	
</beans>
