<?xml version="1.0" encoding="UTF-8"?>
<beans xmlns="http://www.springframework.org/schema/beans" xmlns:xsi="http://www.w3.org/2001/XMLSchema-instance"
	xsi:schemaLocation="http://www.springframework.org/schema/beans http://www.springframework.org/schema/beans/spring-beans-2.5.xsd">

	<!-- RESOURCES -->
	<bean id="messageSource" class="org.springframework.context.support.ResourceBundleMessageSource">
		<property name="basenames">
			<list>
				<value>org.openrdf.http.webclient.messages</value>
				<value>info.aduna.webapp.system.messages</value>
			</list>
		</property>
	</bean>
 
    <bean id="adunaAppVersion" class="info.aduna.app.AppVersion">
    	<property name="major" value="2" />
    	<property name="minor" value="1" />
    	<property name="modifier" value="SNAPSHOT" />
    </bean>
    
    <bean id="adunaAppConfig" class="info.aduna.app.AppConfiguration" init-method="init" destroy-method="destroy">
    	<property name="applicationId" value="OpenRDF workbench" />
    	<property name="longName" value="OpenRDF workbench" />
    	<property name="version" ref="adunaAppVersion" />
    </bean>
   
	<bean id="adunaWebappNavigation" class="info.aduna.webapp.navigation.NavigationModel">
		<property name="navigationModels">
			<list>
				<value>/org/openrdf/http/webclient/navigation.xml</value>
				<value>/info/aduna/webapp/system/navigation.xml</value>
			</list>
		</property>
	</bean>
	
	<bean id="openrdfDefaultServerContextName" class="java.lang.String">
		<constructor-arg value="/openrdf-sesame" />
	</bean>
	<bean id="openrdfServerSelectionView" class="java.lang.String">
		<constructor-arg value="/server/select.form" />
	</bean>

	<!-- INTERCEPTORS -->
	<bean id="openrdfNavigationRulesInterceptor" class="org.openrdf.http.webclient.NavigationRulesHandlerInterceptor" />

	<bean id="openrdfServerSelectionInterceptor" class="org.openrdf.http.webclient.server.ServerSelectionInterceptor">
		<property name="defaultServerContextName" ref="openrdfDefaultServerContextName" />
		<property name="serverSelectionView" ref="openrdfServerSelectionView" />
	</bean>

	<bean id="openrdfRepositorySelectionInterceptor" class="org.openrdf.http.webclient.repository.RepositorySelectionInterceptor" />

	<!-- MAPPINGS -->
    <bean id="openrdfServerSelectionMapping" class="org.springframework.web.servlet.handler.SimpleUrlHandlerMapping">
		<property name="order" value="1" />
		<property name="urlMap">
			<map>
				<entry key-ref="openrdfServerSelectionView" value-ref="openrdfServerSelectionController" />
			</map>
		</property>
		<property name="interceptors">
			<list>
				<ref bean="adunaWebappCommonValuesInserter" />
				<ref bean="adunaWebappMessageInserter" />
				<ref bean="adunaWebappNavigationInserter" />
				<ref bean="openrdfNavigationRulesInterceptor" />
			</list>
		</property>
	</bean>

	<bean id="openrdfServerUrlMapping" class="org.springframework.web.servlet.handler.SimpleUrlHandlerMapping">
		<property name="order" value="2" />
		<property name="mappings">
			<props>
				<prop key="/server/overview.view">openrdfServerController</prop>
			</props>
		</property>
		<property name="interceptors">
			<list>
				<ref bean="adunaWebappCommonValuesInserter" />
				<ref bean="adunaWebappMessageInserter" />
				<ref bean="adunaWebappNavigationInserter" />
				<ref bean="openrdfServerSelectionInterceptor" />
				<ref bean="openrdfNavigationRulesInterceptor" />
			</list>
		</property>
	</bean>

	<bean id="openrdfRepositoryUrlMapping" class="org.springframework.web.servlet.handler.SimpleUrlHandlerMapping">
		<property name="order" value="3" />
		<property name="mappings">
			<props>
				<prop key="/repository/overview.view">openrdfRepositoryController</prop>
				<prop key="/repository/modify/overview.view">filenameViewController</prop>
				<prop key="/repository/modify/add/file.form">openrdfRepositoryAddFileController</prop>
				<prop key="/repository/modify/add/url.form">openrdfRepositoryAddURLController</prop>
				<prop key="/repository/modify/add/text.form">openrdfRepositoryAddTextController</prop>
				<prop key="/repository/modify/remove/statements.form">openrdfRepositoryRemoveStatementsController</prop>
				<prop key="/repository/modify/remove/clear.form">openrdfRepositoryClearController</prop>
				<prop key="/repository/query/select.form">openrdfRepositorySelectQueryFormController</prop>
				<prop key="/repository/query/construct.form">openrdfRepositoryConstructQueryFormController</prop>
				<prop key="/repository/query/boolean.form">openrdfRepositoryBooleanQueryFormController</prop>
				<prop key="/repository/explore/overview.view">openrdfRepositoryExploreRepositoryController</prop>
				<prop key="/repository/explore/resource.view">openrdfRepositoryExploreResourceController</prop>
				<prop key="/repository/explore/namespaces.view">openrdfRepositoryExploreNamespacesController</prop>
				<prop key="/repository/explore/contexts.view">openrdfRepositoryExploreContextsController</prop>
				<prop key="/repository/extract/overview.form">openrdfRepositoryExtractionController</prop>
				<prop key="overview.view">filenameViewController</prop>
			</props>
		</property>
		<property name="interceptors">
			<list>
				<ref bean="adunaWebappCommonValuesInserter" />
				<ref bean="adunaWebappMessageInserter" />
				<ref bean="adunaWebappNavigationInserter" />
				<ref bean="openrdfServerSelectionInterceptor" />
				<ref bean="openrdfRepositorySelectionInterceptor" />
				<ref bean="openrdfNavigationRulesInterceptor" />
			</list>
		</property>
	</bean>

	<!-- CONTROLLERS -->
	<bean id="openrdfServerSelectionController" class="org.openrdf.http.webclient.server.ServerSelectionController">
		<property name="commandName" value="server" />
		<property name="commandClass" value="org.openrdf.http.webclient.server.ServerSelection" />
		<property name="formView" value="server/select" />
		<property name="successView" value="redirect:overview.view" />
		<property name="bindOnNewForm" value="true" />
		<property name="defaultServerContextName" ref="openrdfDefaultServerContextName" />
	</bean>

	<bean id="openrdfServerController" class="org.openrdf.http.webclient.server.ServerController" />

	<bean id="openrdfRepositoryController" class="org.openrdf.http.webclient.repository.RepositoryController" />

    <bean id="openrdfRepositoryAddFileController" class="org.openrdf.http.webclient.repository.modify.add.AddController">
        <property name="commandClass" value="org.openrdf.http.webclient.repository.modify.add.RDFFileUpload"/>
        <property name="formView" value="repository/modify/add/file"/>
        <property name="successView" value="redirect:/repository/modify/overview.view"/>
    </bean>
    <bean id="openrdfRepositoryAddURLController" class="org.openrdf.http.webclient.repository.modify.add.AddController">
        <property name="commandClass" value="org.openrdf.http.webclient.repository.modify.add.RDFURLUpload"/>
        <property name="formView" value="repository/modify/add/url"/>
        <property name="successView" value="redirect:/repository/modify/overview.view"/>
    </bean>
    <bean id="openrdfRepositoryAddTextController" class="org.openrdf.http.webclient.repository.modify.add.AddController">
        <property name="commandClass" value="org.openrdf.http.webclient.repository.modify.add.RDFTextUpload"/>
        <property name="formView" value="repository/modify/add/text"/>
        <property name="successView" value="redirect:/repository/modify/overview.view"/>
    </bean>

    <bean id="openrdfRepositoryRemoveStatementsController" class="org.openrdf.http.webclient.repository.modify.remove.RemoveStatementsController">
        <property name="commandClass" value="org.openrdf.http.webclient.repository.modify.remove.RemovalSpecification"/>
        <property name="formView" value="repository/modify/remove/statements"/>
        <property name="successView" value="redirect:/repository/modify/overview.view"/>
    </bean>
    <bean id="openrdfRepositoryClearController" class="org.openrdf.http.webclient.repository.modify.remove.ClearController">
        <property name="commandClass" value="org.openrdf.http.webclient.repository.modify.remove.RemovalSpecification"/>
        <property name="formView" value="repository/modify/remove/clear"/>
        <property name="successView" value="redirect:/repository/modify/overview.view"/>
    </bean>

	<bean id="openrdfRepositorySelectQueryFormController" class="org.openrdf.http.webclient.repository.query.SelectQueryFormController">
		<property name="cacheSeconds" value="300" />
		<property name="commandName" value="query" />
		<property name="commandClass" value="org.openrdf.http.webclient.repository.query.SelectQueryInfo" />
		<property name="formView" value="repository/query/select" />
		<property name="successView" value="repository/query/tableresult" />
	</bean>
	<bean id="openrdfRepositoryConstructQueryFormController" class="org.openrdf.http.webclient.repository.query.ConstructQueryFormController">
		<property name="cacheSeconds" value="300" />
		<property name="commandName" value="query" />
		<property name="commandClass" value="org.openrdf.http.webclient.repository.query.ConstructQueryInfo" />
		<property name="formView" value="repository/query/construct" />
		<property name="successView" value="repository/query/graphresult" />
	</bean>
	<bean id="openrdfRepositoryBooleanQueryFormController" class="org.openrdf.http.webclient.repository.query.BooleanQueryFormController">
		<property name="cacheSeconds" value="300" />
		<property name="commandName" value="query" />
		<property name="commandClass" value="org.openrdf.http.webclient.repository.query.BooleanQueryInfo" />
		<property name="formView" value="repository/query/boolean" />
		<property name="successView" value="repository/query/booleanresult" />
	</bean>

	<bean id="openrdfRepositoryExploreRepositoryController" class="org.openrdf.http.webclient.repository.explore.ExploreRepositoryController">
		<property name="view" value="repository/explore/overview" />
	</bean>
	<bean id="openrdfRepositoryExploreResourceController" class="org.openrdf.http.webclient.repository.explore.ExploreResourceController">
		<property name="commandName" value="exploration" />
		<property name="commandClass" value="org.openrdf.http.webclient.repository.explore.ExplorationResource" />
		<property name="view" value="repository/explore/resource" />
	</bean>
	<bean id="openrdfRepositoryExploreNamespacesController" class="org.openrdf.http.webclient.repository.explore.ExploreNamespacesController">
		<property name="view" value="repository/explore/namespaces" />
	</bean>
	<bean id="openrdfRepositoryExploreContextsController" class="org.openrdf.http.webclient.repository.explore.ExploreContextsController">
		<property name="view" value="repository/explore/contexts" />
	</bean>

	<bean id="openrdfRepositoryExtractionController" class="org.openrdf.http.webclient.repository.extract.ExtractionController">
		<property name="commandClass" value="org.openrdf.http.webclient.repository.extract.ExtractionSettings" />
		<property name="formView" value="repository/extract/overview" />
	</bean>
	
	<!--  RESOLVERS -->
	<bean id="multipartResolver" class="org.springframework.web.multipart.commons.CommonsMultipartResolver" />	
</beans>
